45637584,Juan,Montes,30,jmontes@gmail.com,9874627495,1,1
37609854,Manuel,Ceballos,29,manuc@gmail.com,9375638275,4,1
43519008,Diego,Pinillos,27,diegopinillos@gmail.com,9027484930,10,2
30985729,Rodrigo,Mendes,38,romendes@gmail.com,9993765893,8,1
50927494,Maximiliano,Gomez,38,maxigo@gmail.com,9834362852,8,2
49038275,Jose,Rubio,28,joserubio@gmail.com,9019087365,8,2
56826394,Pedro,Silva,29,pedro@gmail.com,9128365820,3,2
39762089,Jose,Robles,27,josero@gmail.com,9347520913,5,1
66372659,Enrique,Vallve,30,kikevallve@gmail.com,9385766387,2,2
30342634,Manuel,Guevara,29,manuelg@gmail.com,9222857364,9,2
49522600,Alberto,Cabello,31,albertoc@gmail.com,9059378238,4,1
50382756,Pablo,Sanchez,27,pablosz@gmail.com,9673983402,6,1
31857384,Maximo,Diaz,26,maxidiaz@gmail.com,9347267312,7,1
64909275,Guillermo,Favero,29,guillefavero@gmail.com,9173655893,10,2